{
  "Total" : {
    "transaction" : "Total",
    "sampleCount" : 787,
    "errorCount" : 1,
    "errorPct" : 0.12706481,
    "meanResTime" : 1057.364675984753,
    "medianResTime" : 1043.0,
    "minResTime" : 160.0,
    "maxResTime" : 1567.0,
    "pct1ResTime" : 1068.4,
    "pct2ResTime" : 1213.5999999999985,
    "pct3ResTime" : 1364.2,
    "throughput" : 5.1165693629968665,
    "receivedKBytesPerSec" : 1.1676541959769593,
    "sentKBytesPerSec" : 0.7136130123070722
  },
  "HTTP Request" : {
    "transaction" : "HTTP Request",
    "sampleCount" : 787,
    "errorCount" : 1,
    "errorPct" : 0.12706481,
    "meanResTime" : 1057.364675984753,
    "medianResTime" : 1043.0,
    "minResTime" : 160.0,
    "maxResTime" : 1567.0,
    "pct1ResTime" : 1068.4,
    "pct2ResTime" : 1213.5999999999985,
    "pct3ResTime" : 1364.2,
    "throughput" : 5.1165693629968665,
    "receivedKBytesPerSec" : 1.1676541959769593,
    "sentKBytesPerSec" : 0.7136130123070722
  }
}